Variant_Number,Product_Title,Handle,SKU,Current_Image_URL,Real_Shopify_URL,Image_Filename,Notes
1,nordica enforcer 99,nordica-enforcer-99,nordica-enforcer-99-173;179;185;191,https://cdn.shopify.com/s/files/1/0947/3435/2707/files/product_001.jpg?v=1748986989,,product_001.jpg,
2,nordica enforcer 94,nordica-enforcer-94,nordica-enforcer-94-173;179;185;191,https://cdn.shopify.com/s/files/1/0947/3435/2707/files/product_002.jpg?v=1748986989,,product_002.jpg,
3,Völkl V.Werks 100,völkl-vwerks-100,völkl-vwerks-100-179;186,https://cdn.shopify.com/s/files/1/0947/3435/2707/files/product_003.jpg?v=1748986989,,product_003.jpg,
4,Völkl Revolt Urban Junior + Marker 4.5 vMotion JR GW,völkl-revolt-urban-junior-marker-45-vmotion-jr-gw,völkl-revolt-urban-junior-marker-45-vmotion-jr-gw-118;128,https://cdn.shopify.com/s/files/1/0947/3435/2707/files/product_004.jpg?v=1748986989,,product_004.jpg,
5,Völkl Peregrine 82 inkl. LowRide XL 13 FR GW,völkl-peregrine-82-inkl-lowride-xl-13-fr-gw,völkl-peregrine-82-inkl-lowride-xl-13-fr-gw-172;177;182;167,https://cdn.shopify.com/s/files/1/0947/3435/2707/files/product_005.jpg?v=1748986989,,product_005.jpg,
6,Völkl Peregrine 80 inkl LowRide TCX 12 GW,völkl-peregrine-80-inkl-lowride-tcx-12-gw,völkl-peregrine-80-inkl-lowride-tcx-12-gw-167;172;177;162;182,https://cdn.shopify.com/s/files/1/0947/3435/2707/files/product_006.jpg?v=1748986989,,product_006.jpg,
7,Völkl Peregrine 76 Master w/WC-PC + Marker Comp 16 GW,völkl-peregrine-76-master-wwc-pc-marker-comp-16-gw,völkl-peregrine-76-master-wwc-pc-marker-comp-16-gw-176;181,https://cdn.shopify.com/s/files/1/0947/3435/2707/files/product_007.jpg?v=1748986989,,product_007.jpg,
8,Völkl Mini Revolt Junior + Marker 4.5 vMotion JR,völkl-mini-revolt-junior-marker-45-vmotion-jr,völkl-mini-revolt-junior-marker-45-vmotion-jr-88;98;108,https://cdn.shopify.com/s/files/1/0947/3435/2707/files/product_008.jpg?v=1748986989,,product_008.jpg,
9,Völkl Mantra M7,völkl-mantra-m7,völkl-mantra-m7-163;170;177;184;191,https://cdn.shopify.com/s/files/1/0947/3435/2707/files/product_009.jpg?v=1748986989,,product_009.jpg,
10,Völkl Mantra Junior,völkl-mantra-junior,völkl-mantra-junior-118;128,https://cdn.shopify.com/s/files/1/0947/3435/2707/files/product_010.jpg?v=1748986989,,product_010.jpg,
11,Völkl Mantra 88,völkl-mantra-88,völkl-mantra-88-170;177;184,https://cdn.shopify.com/s/files/1/0947/3435/2707/files/product_011.jpg?v=1748986989,,product_011.jpg,
12,Völkl Flair 76 VMotion1 + VMotion 10,völkl-flair-76-vmotion1-vmotion-10,völkl-flair-76-vmotion1-vmotion-10-147;154;161,https://cdn.shopify.com/s/files/1/0947/3435/2707/files/product_012.jpg?v=1748986989,,product_012.jpg,
13,Völkl Blaze Jr inkl. 7.0 vMotion JR,völkl-blaze-jr-inkl-70-vmotion-jr,völkl-blaze-jr-inkl-70-vmotion-jr-138;148;158,https://cdn.shopify.com/s/files/1/0947/3435/2707/files/product_013.jpg?v=1748986989,,product_013.jpg,
14,Völkl Blaze 94 Black,völkl-blaze-94-black,völkl-blaze-94-black-172;179;186,https://cdn.shopify.com/s/files/1/0947/3435/2707/files/product_014.jpg?v=1748986989,,product_014.jpg,
15,Völkl Blaze 86 FDT Free + FDT TP 10 ,völkl-blaze-86-fdt-free-fdt-tp-10,völkl-blaze-86-fdt-free-fdt-tp-10-159;166;173,https://cdn.shopify.com/s/files/1/0947/3435/2707/files/product_015.jpg?v=1748986989,,product_015.jpg,
16,Völkl Blaze 114,völkl-blaze-114,völkl-blaze-114-176;184;191;192,https://cdn.shopify.com/s/files/1/0947/3435/2707/files/product_016.jpg?v=1748986989,,product_016.jpg,
17,Völkl Blaze 104 Purple,völkl-blaze-104-purple,völkl-blaze-104-purple-172;179;186,https://cdn.shopify.com/s/files/1/0947/3435/2707/files/product_017.jpg?v=1748986989,,product_017.jpg,
18,Van Deer PRO RS 183 R22 WC + SPX 15 ,van-deer-pro-rs-183-r22-wc-spx-15,van-deer-pro-rs-183-r22-wc-spx-15-183,https://cdn.shopify.com/s/files/1/0947/3435/2707/files/product_018.jpg?v=1748986989,,product_018.jpg,
19,Van Deer H-Power R22 WC + SPX 12 GW,van-deer-h-power-r22-wc-spx-12-gw,van-deer-h-power-r22-wc-spx-12-gw-168;175;182,https://cdn.shopify.com/s/files/1/0947/3435/2707/files/product_019.jpg?v=1748986989,,product_019.jpg,
20,Van Deer Freeride 98,van-deer-freeride-98,van-deer-freeride-98-172;180;188,https://cdn.shopify.com/s/files/1/0947/3435/2707/files/product_020.jpg?v=1748986989,,product_020.jpg,
21,Stöckli Stormrider 95,stöckli-stormrider-95,stöckli-stormrider-95-170;176;182;188,https://cdn.shopify.com/s/files/1/0947/3435/2707/files/product_021.jpg?v=1748986989,,product_021.jpg,
22,Stöckli Stormrider 88,stöckli-stormrider-88,stöckli-stormrider-88-166;175;184,https://cdn.shopify.com/s/files/1/0947/3435/2707/files/product_022.jpg?v=1748986989,,product_022.jpg,
23,Stöckli Nela 96,stöckli-nela-96,stöckli-nela-96-156;164;172,https://cdn.shopify.com/s/files/1/0947/3435/2707/files/product_023.jpg?v=1748986989,,product_023.jpg,
24,Stöckli Nela 88,stöckli-nela-88,stöckli-nela-88-152;160;168,https://cdn.shopify.com/s/files/1/0947/3435/2707/files/product_024.jpg?v=1748986989,,product_024.jpg,
25,Stöckli Montero AX Orea + Strive 13,stöckli-montero-ax-orea-strive-13,stöckli-montero-ax-orea-strive-13-163;168;173;178;183,https://cdn.shopify.com/s/files/1/0947/3435/2707/files/product_025.jpg?v=1748986989,,product_025.jpg,
26,Stöckli Montero AX + Strive 13,stöckli-montero-ax-strive-13,stöckli-montero-ax-strive-13-163;168;173;178;183,https://cdn.shopify.com/s/files/1/0947/3435/2707/files/product_026.jpg?v=1748986989,,product_026.jpg,
27,Stöckli Montero AW inkl. Strive 11,stöckli-montero-aw-inkl-strive-11,stöckli-montero-aw-inkl-strive-11-150;158;166,https://cdn.shopify.com/s/files/1/0947/3435/2707/files/product_027.jpg?v=1748986989,,product_027.jpg,
28,Stöckli Montero AR + Strive 13,stöckli-montero-ar-strive-13,stöckli-montero-ar-strive-13-165;170;175;180;185,https://cdn.shopify.com/s/files/1/0947/3435/2707/files/product_028.jpg?v=1748986989,,product_028.jpg,
29,Stöckli Laser WRT Pro MO EDT + WRT16,stöckli-laser-wrt-pro-mo-edt-wrt16,stöckli-laser-wrt-pro-mo-edt-wrt16-166;172;178,https://cdn.shopify.com/s/files/1/0947/3435/2707/files/product_029.jpg?v=1748986989,,product_029.jpg,
30,Stöckli Laser WRT Pro + WRT 12 GW,stöckli-laser-wrt-pro-wrt-12-gw,stöckli-laser-wrt-pro-wrt-12-gw-158;166;172;178,https://cdn.shopify.com/s/files/1/0947/3435/2707/files/product_030.jpg?v=1748986989,,product_030.jpg,
31,Stöckli Laser WRT + WRT 12 GW,stöckli-laser-wrt-wrt-12-gw,stöckli-laser-wrt-wrt-12-gw-158;166;172;178,https://cdn.shopify.com/s/files/1/0947/3435/2707/files/product_031.jpg?v=1748986989,,product_031.jpg,
32,Stöckli Laser SC Orea inkl. SRT12 SP,stöckli-laser-sc-orea-inkl-srt12-sp,stöckli-laser-sc-orea-inkl-srt12-sp-163;170;177;156,https://cdn.shopify.com/s/files/1/0947/3435/2707/files/product_032.jpg?v=1748986989,,product_032.jpg,
33,Stöckli Laser MX,stöckli-laser-mx,stöckli-laser-mx-152;158;164,https://cdn.shopify.com/s/files/1/0947/3435/2707/files/product_033.jpg?v=1748986989,,product_033.jpg,
34,Scott Sea 108,scott-sea-108,scott-sea-108-168;176;184;192,https://cdn.shopify.com/s/files/1/0947/3435/2707/files/product_034.jpg?v=1748986989,,product_034.jpg,
35,Scott Pure 100 Tour,scott-pure-100-tour,scott-pure-100-tour-170;178,https://cdn.shopify.com/s/files/1/0947/3435/2707/files/product_035.jpg?v=1748986989,,product_035.jpg,
36,Scott Explorair 92 LT,scott-explorair-92-lt,scott-explorair-92-lt-163;172;181,https://cdn.shopify.com/s/files/1/0947/3435/2707/files/product_036.jpg?v=1748986989,,product_036.jpg,
37,Salomon S/LAB QST Echo,salomon-slab-qst-echo,salomon-slab-qst-echo-173,https://cdn.shopify.com/s/files/1/0947/3435/2707/files/product_037.jpg?v=1748986989,,product_037.jpg,
38,Salomon S/LAB QST Blank,salomon-slab-qst-blank,salomon-slab-qst-blank-178;186;192,https://cdn.shopify.com/s/files/1/0947/3435/2707/files/product_038.jpg?v=1748986989,,product_038.jpg,
39,Salomon QST X,salomon-qst-x,salomon-qst-x-176;178;184;192,https://cdn.shopify.com/s/files/1/0947/3435/2707/files/product_039.jpg?v=1748986989,,product_039.jpg,
40,Salomon QST Stella 106,salomon-qst-stella-106,salomon-qst-stella-106-157;165;173,https://cdn.shopify.com/s/files/1/0947/3435/2707/files/product_040.jpg?v=1748986989,,product_040.jpg,
41,Salomon QST Lux 92,salomon-qst-lux-92,salomon-qst-lux-92-152;160;168,https://cdn.shopify.com/s/files/1/0947/3435/2707/files/product_041.jpg?v=1748986989,,product_041.jpg,
42,Salomon QST BLANK Team,salomon-qst-blank-team,salomon-qst-blank-team-128;137;146;152,https://cdn.shopify.com/s/files/1/0947/3435/2707/files/product_042.jpg?v=1748986989,,product_042.jpg,
43,Salomon QST 106,salomon-qst-106,salomon-qst-106-173;181;189,https://cdn.shopify.com/s/files/1/0947/3435/2707/files/product_043.jpg?v=1748986989,,product_043.jpg,
44,Salomon QST 100 Iceberg Green,salomon-qst-100-iceberg-green,salomon-qst-100-iceberg-green-164;172;180,https://cdn.shopify.com/s/files/1/0947/3435/2707/files/product_044.jpg?v=1748986989,,product_044.jpg,
45,Salomon QST 100 Cosmic Sky,salomon-qst-100-cosmic-sky,salomon-qst-100-cosmic-sky-164;172;180;188,https://cdn.shopify.com/s/files/1/0947/3435/2707/files/product_045.jpg?v=1748986989,,product_045.jpg,
46,Salomon MTN 96 Carbon,salomon-mtn-96-carbon,salomon-mtn-96-carbon-166;174;182;188,https://cdn.shopify.com/s/files/1/0947/3435/2707/files/product_046.jpg?v=1748986989,,product_046.jpg,
47,Salomon MTN 86 W Carbon,salomon-mtn-86-w-carbon,salomon-mtn-86-w-carbon-156;164;172,https://cdn.shopify.com/s/files/1/0947/3435/2707/files/product_047.jpg?v=1748986989,,product_047.jpg,
48,Salomon MTN 86 Carbon,salomon-mtn-86-carbon,salomon-mtn-86-carbon-172;180,https://cdn.shopify.com/s/files/1/0947/3435/2707/files/product_048.jpg?v=1748986989,,product_048.jpg,
49,Salomon MTN 80 Carbon,salomon-mtn-80-carbon,salomon-mtn-80-carbon-164;170,https://cdn.shopify.com/s/files/1/0947/3435/2707/files/product_049.jpg?v=1748986989,,product_049.jpg,
50,Salomon Départ 1.0,salomon-départ-10,salomon-départ-10-170;180,https://cdn.shopify.com/s/files/1/0947/3435/2707/files/product_050.jpg?v=1748986989,,product_050.jpg,
51,Rossignol Super Blackops 98,rossignol-super-blackops-98,rossignol-super-blackops-98-172;182;192,https://cdn.shopify.com/s/files/1/0947/3435/2707/files/product_051.jpg?v=1748986989,,product_051.jpg,
52,Rossignol Sender Soul 102,rossignol-sender-soul-102,rossignol-sender-soul-102-172;180;188,https://cdn.shopify.com/s/files/1/0947/3435/2707/files/product_052.jpg?v=1748986989,,product_052.jpg,
53,Rossignol Sender Free 118,rossignol-sender-free-118,rossignol-sender-free-118-176;186,https://cdn.shopify.com/s/files/1/0947/3435/2707/files/product_053.jpg?v=1748986989,,product_053.jpg,
54,Nordica Enforcer 99,nordica-enforcer-99,nordica-enforcer-99-173;179;185;191,https://cdn.shopify.com/s/files/1/0947/3435/2707/files/product_054.jpg?v=1748986989,,product_054.jpg,
55,Nordica Enforcer 94,nordica-enforcer-94,nordica-enforcer-94-173;179,https://cdn.shopify.com/s/files/1/0947/3435/2707/files/product_055.jpg?v=1748986989,,product_055.jpg,
56,Nordica Enforcer 89,nordica-enforcer-89,nordica-enforcer-89-173;179;185,https://cdn.shopify.com/s/files/1/0947/3435/2707/files/product_056.jpg?v=1748986989,,product_056.jpg,
57,Nordica Dobermann SLR DC,nordica-dobermann-slr-dc,nordica-dobermann-slr-dc-160;165;170,https://cdn.shopify.com/s/files/1/0947/3435/2707/files/product_057.jpg?v=1748986989,,product_057.jpg,
58,Nordica Belle SL DC,nordica-belle-sl-dc,nordica-belle-sl-dc-155;160,https://cdn.shopify.com/s/files/1/0947/3435/2707/files/product_058.jpg?v=1748986989,,product_058.jpg,
59,Movement Session 95,movement-session-95,movement-session-95-154;162;170,https://cdn.shopify.com/s/files/1/0947/3435/2707/files/product_059.jpg?v=1748986989,,product_059.jpg,
60,Movement Session 90,movement-session-90,movement-session-90-170;178;186,https://cdn.shopify.com/s/files/1/0947/3435/2707/files/product_060.jpg?v=1748986989,,product_060.jpg,
61,Movement Alp Tracks 90,movement-alp-tracks-90,movement-alp-tracks-90-170;178;186,https://cdn.shopify.com/s/files/1/0947/3435/2707/files/product_061.jpg?v=1748986989,,product_061.jpg,
62,Line pandora 99,line-pandora-99,line-pandora-99-163;170;177;184,https://cdn.shopify.com/s/files/1/0947/3435/2707/files/product_062.jpg?v=1748986989,,product_062.jpg,
63,Line pandora 92,line-pandora-92,line-pandora-92-154;161;168,https://cdn.shopify.com/s/files/1/0947/3435/2707/files/product_063.jpg?v=1748986989,,product_063.jpg,
64,Line Vision 96 Camo,line-vision-96-camo,line-vision-96-camo-172;178;184;170;177,https://cdn.shopify.com/s/files/1/0947/3435/2707/files/product_064.jpg?v=1748986989,,product_064.jpg,
65,Line Vision 114 Camo,line-vision-114-camo,line-vision-114-camo-183,https://cdn.shopify.com/s/files/1/0947/3435/2707/files/product_065.jpg?v=1748986989,,product_065.jpg,
66,Line Sakana 105,line-sakana-105,line-sakana-105-174;181,https://cdn.shopify.com/s/files/1/0947/3435/2707/files/product_066.jpg?v=1748986989,,product_066.jpg,
67,Line Pandora 106,line-pandora-106,line-pandora-106-176;183;189,https://cdn.shopify.com/s/files/1/0947/3435/2707/files/product_067.jpg?v=1748986989,,product_067.jpg,
68,Line Optic 96,line-optic-96,line-optic-96-170;177;184,https://cdn.shopify.com/s/files/1/0947/3435/2707/files/product_068.jpg?v=1748986989,,product_068.jpg,
69,Line Chronic 94,line-chronic-94,line-chronic-94-164;171;178;185,https://cdn.shopify.com/s/files/1/0947/3435/2707/files/product_069.jpg?v=1748986989,,product_069.jpg,
70,Line Blend,line-blend,line-blend-171;178;185,https://cdn.shopify.com/s/files/1/0947/3435/2707/files/product_070.jpg?v=1748986989,,product_070.jpg,
71,Line Blade Optic 114,line-blade-optic-114,line-blade-optic-114-186;192,https://cdn.shopify.com/s/files/1/0947/3435/2707/files/product_071.jpg?v=1748986989,,product_071.jpg,
72,Line Bacon 108 24/25,line-bacon-108-2425,line-bacon-108-2425-178;184;190,https://cdn.shopify.com/s/files/1/0947/3435/2707/files/product_072.jpg?v=1748986989,,product_072.jpg,
73,K2 Wayback 106 23/24,k2-wayback-106-2324,k2-wayback-106-2324-172;179;186,https://cdn.shopify.com/s/files/1/0947/3435/2707/files/product_073.jpg?v=1748986989,,product_073.jpg,
74,K2 Reckoner KF 24/25,k2-reckoner-kf-2425,k2-reckoner-kf-2425-177;184;191,https://cdn.shopify.com/s/files/1/0947/3435/2707/files/product_074.jpg?v=1748986989,,product_074.jpg,
75,K2 Reckoner 92 24/25,k2-reckoner-92-2425,k2-reckoner-92-2425-149;159;169,https://cdn.shopify.com/s/files/1/0947/3435/2707/files/product_075.jpg?v=1748986989,,product_075.jpg,
76,"K2 Reckoner 110 24/25
",k2-reckoner-110-2425,k2-reckoner-110-2425-177;184;191,https://cdn.shopify.com/s/files/1/0947/3435/2707/files/product_076.jpg?v=1748986989,,product_076.jpg,
77,K2 Omen 90 24/25,k2-omen-90-2425,k2-omen-90-2425-159;169;179,https://cdn.shopify.com/s/files/1/0947/3435/2707/files/product_077.jpg?v=1748986989,,product_077.jpg,
78,K2 Mindbender 99 Ti W 23/24,k2-mindbender-99-ti-w-2324,k2-mindbender-99-ti-w-2324-160;166;172,https://cdn.shopify.com/s/files/1/0947/3435/2707/files/product_078.jpg?v=1748986989,,product_078.jpg,
79,"K2 Mindbender 99 Ti 24/25
",k2-mindbender-99-ti-2425,k2-mindbender-99-ti-2425-172;178;184;190,https://cdn.shopify.com/s/files/1/0947/3435/2707/files/product_079.jpg?v=1748986989,,product_079.jpg,
80,K2 Mindbender 116C 24/25,k2-mindbender-116c-2425,k2-mindbender-116c-2425-182;187;194,https://cdn.shopify.com/s/files/1/0947/3435/2707/files/product_080.jpg?v=1748986989,,product_080.jpg,
81,K2 HI-FI + FDT 4.5 24/25,k2-hi-fi-fdt-45-2425,k2-hi-fi-fdt-45-2425-109;119;129,https://cdn.shopify.com/s/files/1/0947/3435/2707/files/product_081.jpg?v=1748986989,,product_081.jpg,
82,Head Oblivion Jr 24/25,head-oblivion-jr-2425,head-oblivion-jr-2425-131;141;151;161,https://cdn.shopify.com/s/files/1/0947/3435/2707/files/product_082.jpg?v=1748986989,,product_082.jpg,
83,Head Oblivion 94 24/25,head-oblivion-94-2425,head-oblivion-94-2425-170;177;184;163,https://cdn.shopify.com/s/files/1/0947/3435/2707/files/product_083.jpg?v=1748986989,,product_083.jpg,
84,"Head Kore Tour 87 23/24

",head-kore-tour-87-2324,head-kore-tour-87-2324-177,https://cdn.shopify.com/s/files/1/0947/3435/2707/files/product_084.jpg?v=1748986989,,product_084.jpg,
85,Head Kore 99 24/25,head-kore-99-2425,head-kore-99-2425-170;177;184;191,https://cdn.shopify.com/s/files/1/0947/3435/2707/files/product_085.jpg?v=1748986989,,product_085.jpg,
86,Head Kore 97 Women 24/25,head-kore-97-women-2425,head-kore-97-women-2425-163;170;177,https://cdn.shopify.com/s/files/1/0947/3435/2707/files/product_086.jpg?v=1748986989,,product_086.jpg,
87,Head Kore 91 Women 24/25,head-kore-91-women-2425,head-kore-91-women-2425-163;170;156,https://cdn.shopify.com/s/files/1/0947/3435/2707/files/product_087.jpg?v=1748986989,,product_087.jpg,
88,Head Kore 85 Women 24/25,head-kore-85-women-2425,head-kore-85-women-2425-156;163;170,https://cdn.shopify.com/s/files/1/0947/3435/2707/files/product_088.jpg?v=1748986989,,product_088.jpg,
89,Head Kore 117 23/24,head-kore-117-2324,head-kore-117-2324-184;191;177,https://cdn.shopify.com/s/files/1/0947/3435/2707/files/product_089.jpg?v=1748986989,,product_089.jpg,
90,Head Kore 111 24/25,head-kore-111-2425,head-kore-111-2425-177;184;191,https://cdn.shopify.com/s/files/1/0947/3435/2707/files/product_090.jpg?v=1748986989,,product_090.jpg,
91,Head Crux 93 Pro 24/25,head-crux-93-pro-2425,head-crux-93-pro-2425-163;170;177;184,https://cdn.shopify.com/s/files/1/0947/3435/2707/files/product_091.jpg?v=1748986989,,product_091.jpg,
92,Head Crux 105 Pro 24/25,head-crux-105-pro-2425,head-crux-105-pro-2425-184,https://cdn.shopify.com/s/files/1/0947/3435/2707/files/product_092.jpg?v=1748986989,,product_092.jpg,
93,G3 FINDr 94,g3-findr-94,g3-findr-94-177;182;187,https://cdn.shopify.com/s/files/1/0947/3435/2707/files/product_093.jpg?v=1748986989,,product_093.jpg,
94,G3 FINDr 102,g3-findr-102,g3-findr-102-177;184;189,https://cdn.shopify.com/s/files/1/0947/3435/2707/files/product_094.jpg?v=1748986989,,product_094.jpg,
95,Fischer Transalp 98 CTI 23/24,fischer-transalp-98-cti-2324,fischer-transalp-98-cti-2324-169;176;183,https://cdn.shopify.com/s/files/1/0947/3435/2707/files/product_095.jpg?v=1748986989,,product_095.jpg,
96,Fischer Transalp 105 CTI 23/24,fischer-transalp-105-cti-2324,fischer-transalp-105-cti-2324-178,https://cdn.shopify.com/s/files/1/0947/3435/2707/files/product_096.jpg?v=1748986989,,product_096.jpg,
97,Fischer Ranger Sand 24/25,fischer-ranger-sand-2425,fischer-ranger-sand-2425-142;152;162;172,https://cdn.shopify.com/s/files/1/0947/3435/2707/files/product_097.jpg?v=1748986989,,product_097.jpg,
98,"Fischer Ranger 90 24/25
",fischer-ranger-90-2425,fischer-ranger-90-2425-170;177;184,https://cdn.shopify.com/s/files/1/0947/3435/2707/files/product_098.jpg?v=1748986989,,product_098.jpg,
99,Fischer Nightstick 97 24/25,fischer-nightstick-97-2425,fischer-nightstick-97-2425-163;170;177;184,https://cdn.shopify.com/s/files/1/0947/3435/2707/files/product_099.jpg?v=1748986989,,product_099.jpg,
100,Fischer Nightstick 90 24/25,fischer-nightstick-90-2425,fischer-nightstick-90-2425-168;177;184,https://cdn.shopify.com/s/files/1/0947/3435/2707/files/product_100.jpg?v=1748986989,,product_100.jpg,
101,Fischer Nightstick 104 24/25,fischer-nightstick-104-2425,fischer-nightstick-104-2425-172;180;188,https://cdn.shopify.com/s/files/1/0947/3435/2707/files/product_101.jpg?v=1748986989,,product_101.jpg,
102,Faction Studio Grom 24/25,faction-studio-grom-2425,faction-studio-grom-2425-139;149,https://cdn.shopify.com/s/files/1/0947/3435/2707/files/product_102.jpg?v=1748986989,,product_102.jpg,
103,Faction Studio Grom 24/25,faction-studio-grom-2425,faction-studio-grom-2425-159,https://cdn.shopify.com/s/files/1/0947/3435/2707/files/product_103.jpg?v=1748986989,,product_103.jpg,
104,Faction Studio 2 24/25,faction-studio-2-2425,faction-studio-2-2425-178;183,https://cdn.shopify.com/s/files/1/0947/3435/2707/files/product_104.jpg?v=1748986989,,product_104.jpg,
105,Faction Studio 1 23/24,faction-studio-1-2324,faction-studio-1-2324-171;178;183,https://cdn.shopify.com/s/files/1/0947/3435/2707/files/product_105.jpg?v=1748986989,,product_105.jpg,
106,Faction Prodigy 2 24/25,faction-prodigy-2-2425,faction-prodigy-2-2425-165;171;177;183;189,https://cdn.shopify.com/s/files/1/0947/3435/2707/files/product_106.jpg?v=1748986989,,product_106.jpg,
107,Extrem Roots 90 24/25,extrem-roots-90-2425,extrem-roots-90-2425-152;162;172,https://cdn.shopify.com/s/files/1/0947/3435/2707/files/product_107.jpg?v=1748986989,,product_107.jpg,
108,Extrem Mother Tree 95 24/25,extrem-mother-tree-95-2425,extrem-mother-tree-95-2425-158;165;172;179,https://cdn.shopify.com/s/files/1/0947/3435/2707/files/product_108.jpg?v=1748986989,,product_108.jpg,
109,Extrem Mother Tree 105 24/25,extrem-mother-tree-105-2425,extrem-mother-tree-105-2425-165;172;179,https://cdn.shopify.com/s/files/1/0947/3435/2707/files/product_109.jpg?v=1748986989,,product_109.jpg,
110,Extrem Mother Tree 105 22/23,extrem-mother-tree-105-2223,extrem-mother-tree-105-2223-165;172;179,https://cdn.shopify.com/s/files/1/0947/3435/2707/files/product_110.jpg?v=1748986989,,product_110.jpg,
111,Extrem Factory 112 24/25,extrem-factory-112-2425,extrem-factory-112-2425-185;193,https://cdn.shopify.com/s/files/1/0947/3435/2707/files/product_111.jpg?v=1748986989,,product_111.jpg,
112,Dynafit Tigard 97 24/25,dynafit-tigard-97-2425,dynafit-tigard-97-2425-165;172;179;186;158,https://cdn.shopify.com/s/files/1/0947/3435/2707/files/product_112.jpg?v=1748986989,,product_112.jpg,
113,Dynafit Tigard 114 24/25,dynafit-tigard-114-2425,dynafit-tigard-114-2425-180;188,https://cdn.shopify.com/s/files/1/0947/3435/2707/files/product_113.jpg?v=1748986989,,product_113.jpg,
114,Dynafit Ridge 95 24/25,dynafit-ridge-95-2425,dynafit-ridge-95-2425-168;176;184,https://cdn.shopify.com/s/files/1/0947/3435/2707/files/product_114.jpg?v=1748986989,,product_114.jpg,
115,"Dynafit Radical 107 24/25
",dynafit-radical-107-2425,dynafit-radical-107-2425-173;181;188,https://cdn.shopify.com/s/files/1/0947/3435/2707/files/product_115.jpg?v=1748986989,,product_115.jpg,
116,Dynafit Mezzalama 24/25,dynafit-mezzalama-2425,dynafit-mezzalama-2425-162,https://cdn.shopify.com/s/files/1/0947/3435/2707/files/product_116.jpg?v=1748986989,,product_116.jpg,
117,Dynafit Blacklight 88 W 24/25,dynafit-blacklight-88-w-2425,dynafit-blacklight-88-w-2425-151;158;165;172,https://cdn.shopify.com/s/files/1/0947/3435/2707/files/product_117.jpg?v=1748986989,,product_117.jpg,
118,Dynafit Blacklight 88 23/24,dynafit-blacklight-88-2324,dynafit-blacklight-88-2324-165;172;178;184,https://cdn.shopify.com/s/files/1/0947/3435/2707/files/product_118.jpg?v=1748986989,,product_118.jpg,
119,Dynafit Blacklight 80 23/24,dynafit-blacklight-80-2324,dynafit-blacklight-80-2324-165;172;178,https://cdn.shopify.com/s/files/1/0947/3435/2707/files/product_119.jpg?v=1748986989,,product_119.jpg,
120,DPS Powderworks 100 RPC 22/23,dps-powderworks-100-rpc-2223,dps-powderworks-100-rpc-2223-184;189,https://cdn.shopify.com/s/files/1/0947/3435/2707/files/product_120.jpg?v=1748986989,,product_120.jpg,
121,DPS Pagoda Tour 90 RP 23/24,dps-pagoda-tour-90-rp-2324,dps-pagoda-tour-90-rp-2324-171;179;184,https://cdn.shopify.com/s/files/1/0947/3435/2707/files/product_121.jpg?v=1748986989,,product_121.jpg,
122,DPS Kaizen 105 24/25,dps-kaizen-105-2425,dps-kaizen-105-2425-179;184,https://cdn.shopify.com/s/files/1/0947/3435/2707/files/product_122.jpg?v=1748986989,,product_122.jpg,
123,"DPS Kaizen 100 24/25
",dps-kaizen-100-2425,dps-kaizen-100-2425-179;184;189,https://cdn.shopify.com/s/files/1/0947/3435/2707/files/product_123.jpg?v=1748986989,,product_123.jpg,
124,DPS Carbon Wailer 107 24/25,dps-carbon-wailer-107-2425,dps-carbon-wailer-107-2425-179;184,https://cdn.shopify.com/s/files/1/0947/3435/2707/files/product_124.jpg?v=1748986989,,product_124.jpg,
125,DPS Carbon Wailer 100 24/25,dps-carbon-wailer-100-2425,dps-carbon-wailer-100-2425-179;184,https://cdn.shopify.com/s/files/1/0947/3435/2707/files/product_125.jpg?v=1748986989,,product_125.jpg,
126,Blizzard Zero G 95 LTD 24/25,blizzard-zero-g-95-ltd-2425,blizzard-zero-g-95-ltd-2425-164;171;178;185,https://cdn.shopify.com/s/files/1/0947/3435/2707/files/product_126.jpg?v=1748986989,,product_126.jpg,
127,Blizzard Sheeva 9 24/25,blizzard-sheeva-9-2425,blizzard-sheeva-9-2425-156;162;168;174,https://cdn.shopify.com/s/files/1/0947/3435/2707/files/product_127.jpg?v=1748986989,,product_127.jpg,
128,Blizzard Anomaly 88 24/25,blizzard-anomaly-88-2425,blizzard-anomaly-88-2425-170;176;182;188,https://cdn.shopify.com/s/files/1/0947/3435/2707/files/product_128.jpg?v=1748986989,,product_128.jpg,
129,Blizzard Anomaly 84 25/26,blizzard-anomaly-84-2526,blizzard-anomaly-84-2526-170176;182,https://cdn.shopify.com/s/files/1/0947/3435/2707/files/product_129.jpg?v=1748986989,,product_129.jpg,
130,Black Diamond Impulse Ti 98 24/25,black-diamond-impulse-ti-98-2425,black-diamond-impulse-ti-98-2425-175;182;189,https://cdn.shopify.com/s/files/1/0947/3435/2707/files/product_130.jpg?v=1748986989,,product_130.jpg,
131,Black Diamond Helio Carbon 88 24/25,black-diamond-helio-carbon-88-2425,black-diamond-helio-carbon-88-2425-170;179;161,https://cdn.shopify.com/s/files/1/0947/3435/2707/files/product_131.jpg?v=1748986989,,product_131.jpg,
132,Black Crows Serpo 24/25,black-crows-serpo-2425,black-crows-serpo-2425-168;174;180;186,https://cdn.shopify.com/s/files/1/0947/3435/2707/files/product_132.jpg?v=1748986989,,product_132.jpg,
133,"Black Crows Orb Freebird 24/25
",black-crows-orb-freebird-2425,black-crows-orb-freebird-2425-161;167;173;179;184,https://cdn.shopify.com/s/files/1/0947/3435/2707/files/product_133.jpg?v=1748986989,,product_133.jpg,
134,"Black Crows Junius 24/25
",black-crows-junius-2425,black-crows-junius-2425-101;111;121;131;141',https://cdn.shopify.com/s/files/1/0947/3435/2707/files/product_134.jpg?v=1748986989,,product_134.jpg,
135,Black Crows Draco Freebird 24/25,black-crows-draco-freebird-2425,black-crows-draco-freebird-2425-176;181;189;175,https://cdn.shopify.com/s/files/1/0947/3435/2707/files/product_135.jpg?v=1748986989,,product_135.jpg,
136,Black Crows Camox Jr 24/25,black-crows-camox-jr-2425,black-crows-camox-jr-2425-139;149;157;164;171,https://cdn.shopify.com/s/files/1/0947/3435/2707/files/product_136.jpg?v=1748986989,,product_136.jpg,
137,Black Crows Anima 24/25,black-crows-anima-2425,black-crows-anima-2425-182;189;194,https://cdn.shopify.com/s/files/1/0947/3435/2707/files/product_137.jpg?v=1748986989,,product_137.jpg,
138,Atomic Redster X9RS Revoshock S + Icon 16 24/25,atomic-redster-x9rs-revoshock-s-icon-16-2425,atomic-redster-x9rs-revoshock-s-icon-16-2425-175;183,https://cdn.shopify.com/s/files/1/0947/3435/2707/files/product_138.jpg?v=1748986989,,product_138.jpg,
139,Atomic Redster S9 RVSK S + Icon 12 GW 25/26,atomic-redster-s9-rvsk-s-icon-12-gw-2526,atomic-redster-s9-rvsk-s-icon-12-gw-2526-165;170,https://cdn.shopify.com/s/files/1/0947/3435/2707/files/product_139.jpg?v=1748986989,,product_139.jpg,
140,Atomic Redster Q7 Revoshock C inkl. M 12 GW 24/25,atomic-redster-q7-revoshock-c-inkl-m-12-gw-2425,atomic-redster-q7-revoshock-c-inkl-m-12-gw-2425-160;168;176;152,https://cdn.shopify.com/s/files/1/0947/3435/2707/files/product_140.jpg?v=1748986989,,product_140.jpg,
141,Atomic Redster J4 + L 6 GW 24/25,atomic-redster-j4-l-6-gw-2425,atomic-redster-j4-l-6-gw-2425-110;120;130;140,https://cdn.shopify.com/s/files/1/0947/3435/2707/files/product_141.jpg?v=1748986989,,product_141.jpg,
142,Atomic Redster G9 RVSK S + Icon 12 GW 25/26,atomic-redster-g9-rvsk-s-icon-12-gw-2526,atomic-redster-g9-rvsk-s-icon-12-gw-2526-176;181,https://cdn.shopify.com/s/files/1/0947/3435/2707/files/product_142.jpg?v=1748986989,,product_142.jpg,
143,Atomic Maverick 96 CTi 25/26,atomic-maverick-96-cti-2526,atomic-maverick-96-cti-2526-172;179;186,https://cdn.shopify.com/s/files/1/0947/3435/2707/files/product_143.jpg?v=1748986989,,product_143.jpg,
144,Atomic Maverick 115 CTi 24/25,atomic-maverick-115-cti-2425,atomic-maverick-115-cti-2425-185;193,https://cdn.shopify.com/s/files/1/0947/3435/2707/files/product_144.jpg?v=1748986989,,product_144.jpg,
145,Atomic Maverick 105 CTi 25/26,atomic-maverick-105-cti-2526,atomic-maverick-105-cti-2526-170;178;185;191,https://cdn.shopify.com/s/files/1/0947/3435/2707/files/product_145.jpg?v=1748986989,,product_145.jpg,
146,"Atomic Maverick 105 CTi 24/25
",atomic-maverick-105-cti-2425,atomic-maverick-105-cti-2425-170;178;185;191,https://cdn.shopify.com/s/files/1/0947/3435/2707/files/product_146.jpg?v=1748986989,,product_146.jpg,
147,Atomic Maven 103 CTi 24/25,atomic-maven-103-cti-2425,atomic-maven-103-cti-2425-162;170:178,https://cdn.shopify.com/s/files/1/0947/3435/2707/files/product_147.jpg?v=1748986989,,product_147.jpg,
148,Atomic Cloud C12 Revoshock C + M10 GW 24/25,atomic-cloud-c12-revoshock-c-m10-gw-2425,atomic-cloud-c12-revoshock-c-m10-gw-2425-154;161;168,https://cdn.shopify.com/s/files/1/0947/3435/2707/files/product_148.jpg?v=1748986989,,product_148.jpg,
149,Atomic Bent Chetler Mini 153-163 + Stage 10 GW 24/25,atomic-bent-chetler-mini-153-163-stage-10-gw-2425,atomic-bent-chetler-mini-153-163-stage-10-gw-2425-153;163,https://cdn.shopify.com/s/files/1/0947/3435/2707/files/product_149.jpg?v=1748986989,,product_149.jpg,
150,Atomic Bent 90 25/26,atomic-bent-90-2526,atomic-bent-90-2526-157;166;175;184,https://cdn.shopify.com/s/files/1/0947/3435/2707/files/product_150.jpg?v=1748986989,,product_150.jpg,
151,Atomic Bent 90 24/25,atomic-bent-90-2425,atomic-bent-90-2425-157;166;175;184,https://cdn.shopify.com/s/files/1/0947/3435/2707/files/product_151.jpg?v=1748986989,,product_151.jpg,
152,Atomic Bent 110 25/26,atomic-bent-110-2526,atomic-bent-110-2526-164;172;180;188,https://cdn.shopify.com/s/files/1/0947/3435/2707/files/product_152.jpg?v=1748986989,,product_152.jpg,
153,Atomic Bent 110 24/25,atomic-bent-110-2425,atomic-bent-110-2425-172;180;188,https://cdn.shopify.com/s/files/1/0947/3435/2707/files/product_153.jpg?v=1748986989,,product_153.jpg,
154,Atomic Bent 100 25/26,atomic-bent-100-2526,atomic-bent-100-2526-165;172;179;186,https://cdn.shopify.com/s/files/1/0947/3435/2707/files/product_154.jpg?v=1748986989,,product_154.jpg,
155,Atomic Backland 89 SL 24/25,atomic-backland-89-sl-2425,atomic-backland-89-sl-2425-169;176;183,https://cdn.shopify.com/s/files/1/0947/3435/2707/files/product_155.jpg?v=1748986989,,product_155.jpg,
156,Atomic Backland 109 24/25,atomic-backland-109-2425,atomic-backland-109-2425-176;184;189,https://cdn.shopify.com/s/files/1/0947/3435/2707/files/product_156.jpg?v=1748986989,,product_156.jpg,
157,Atomic Backland 102 24/25,atomic-backland-102-2425,atomic-backland-102-2425-172;179;186,https://cdn.shopify.com/s/files/1/0947/3435/2707/files/product_157.jpg?v=1748986989,,product_157.jpg,
158,Atomic Backland 101 W 24/25,atomic-backland-101-w-2425,atomic-backland-101-w-2425-164;172;156,https://cdn.shopify.com/s/files/1/0947/3435/2707/files/product_158.jpg?v=1748986989,,product_158.jpg,
159,Armada Stranger 24/25,armada-stranger-2425,armada-stranger-2425-172;180,https://cdn.shopify.com/s/files/1/0947/3435/2707/files/product_159.jpg?v=1748986989,,product_159.jpg,
160,Armada Reliance 82 Ti 24/25,armada-reliance-82-ti-2425,armada-reliance-82-ti-2425-158;166;174,https://cdn.shopify.com/s/files/1/0947/3435/2707/files/product_160.jpg?v=1748986989,,product_160.jpg,
161,Armada Reliance 82 C + EM10 24/25,armada-reliance-82-c-em10-2425,armada-reliance-82-c-em10-2425-150;158;166,https://cdn.shopify.com/s/files/1/0947/3435/2707/files/product_161.jpg?v=1748986989,,product_161.jpg,
162,Armada Locator 104 23/24,armada-locator-104-2324,armada-locator-104-2324-170;178;186;162,https://cdn.shopify.com/s/files/1/0947/3435/2707/files/product_162.jpg?v=1748986989,,product_162.jpg,
163,Armada Edollo 24/25,armada-edollo-2425,armada-edollo-2425-164;172;180,https://cdn.shopify.com/s/files/1/0947/3435/2707/files/product_163.jpg?v=1748986989,,product_163.jpg,
164,"Armada Declivity X 108 24/25
",armada-declivity-x-108-2425,armada-declivity-x-108-2425-191;184;176,https://cdn.shopify.com/s/files/1/0947/3435/2707/files/product_164.jpg?v=1748986989,,product_164.jpg,
165,Armada Declivity X 102 25/26,armada-declivity-x-102-2526,armada-declivity-x-102-2526-172;180;188,https://cdn.shopify.com/s/files/1/0947/3435/2707/files/product_165.jpg?v=1748986989,,product_165.jpg,
166,Armada Declivity 92 Ti 25/26,armada-declivity-92-ti-2526,armada-declivity-92-ti-2526-172;180;188,https://cdn.shopify.com/s/files/1/0947/3435/2707/files/product_166.jpg?v=1748986989,,product_166.jpg,
167,Armada ARW 84 (short) 24/25,armada-arw-84-short-2425,armada-arw-84-short-2425-133;143;150,https://cdn.shopify.com/s/files/1/0947/3435/2707/files/product_167.jpg?v=1748986989,,product_167.jpg,
168,Armada ARV 94 24/25,armada-arv-94-2425,armada-arv-94-2425-164;171;178;185,https://cdn.shopify.com/s/files/1/0947/3435/2707/files/product_168.jpg?v=1748986989,,product_168.jpg,
169,Armada ARV 88 24/25,armada-arv-88-2425,armada-arv-88-2425-161;166;171;176;181,https://cdn.shopify.com/s/files/1/0947/3435/2707/files/product_169.jpg?v=1748986989,,product_169.jpg,
170,Armada ARV 84 (short) 24/25,armada-arv-84-short-2425,armada-arv-84-short-2425-133;143;150,https://cdn.shopify.com/s/files/1/0947/3435/2707/files/product_170.jpg?v=1748986989,,product_170.jpg,
171,Armada ARV 84 (Long) 24/25,armada-arv-84-long-2425,armada-arv-84-long-2425-157;164;171,https://cdn.shopify.com/s/files/1/0947/3435/2707/files/product_171.jpg?v=1748986989,,product_171.jpg,
172,Armada ARV 112 24/25,armada-arv-112-2425,armada-arv-112-2425-175;185;192,https://cdn.shopify.com/s/files/1/0947/3435/2707/files/product_172.jpg?v=1748986989,,product_172.jpg,
173,Armada ARV 100 24/25,armada-arv-100-2425,armada-arv-100-2425-165;172;179;186,https://cdn.shopify.com/s/files/1/0947/3435/2707/files/product_173.jpg?v=1748986989,,product_173.jpg,
